{
    "platforms": {
        "game_distribution": {
            "gameId": ""
        },
        "telegram": {
            "adsgramBlockId": ""
        },
        "y8": {
            "gameId": "",
            "adsenseId": "",
            "channelId": ""
        },
        "lagged": {
            "devId": "",
            "publisherId": ""
        },
        "huawei": {
            "appId": ""
        },
        "msn": {
            "gameId": ""
        },
        "discord": {
            "appId": ""
        },
        "gamepush": {
            "projectId": "",
            "publicToken": ""
        },
        "jio_games": {
            "packageName": ""
        },
        "crazy_games": {
            "xsollaProjectId": "",
            "isSandbox": false,
            "useUserToken": false
        },
        "facebook": {
            "subscribeForNotificationsOnStart": true,
            "sendAnalyticsEvents": false
        },
        "yandex": {
            "useSignedData": false,
            "sendAnalyticsEvents": false
        },
        "youtube": {
            "sendAnalyticsEvents": false
        }
    },
    "advertisement": {
        "interstitial": {
            "preloadOnStart": true
        },
        "rewarded": {
            "preloadOnStart": true
        },
        "useBuiltInErrorPopup": true,
        "backfillId": ""
    },
    "payments": [],
    "leaderboards": [],
    "sendAnalyticsEvents": true
}